Model Name,Batch Size,Learning Rate,Epochs,Best Epoch,Train Kappa,Train Accuracy,Train Precision,Train Recall,Train Loss,Val Kappa,Val Accuracy,Val Precision,Val Recall,Val Loss
./model_dual_run_DL_FP_task B - run #1 - resnet34.pth,32,0.0001,20,15,0.8872260190241645,0.8143344709897611,0.7973319805560384,0.8143344709897611,0.48967725200497586,0.8811162475403199,0.825136612021858,0.8005205600218301,0.825136612021858,0.5475684180855751
